{"cameraMode":{"drawMode":0,"name":"Shaded","section":"Shading Mode"},"sceneLighting":true,"audioPlay":false,"sceneViewState":{"m_AlwaysRefresh":false,"showFog":true,"showSkybox":true,"showFlares":true,"showImageEffects":true,"showParticleSystems":true,"showVisualEffectGraphs":true,"m_FxEnabled":true},"in2DMode":false,"pivot":{"x":0.04405960440635681,"y":0.19044004380702973,"z":0.03168243169784546},"rotation":{"x":-0.13458620011806489,"y":0.008331000804901123,"z":-0.0011309173423796893,"w":-0.9908696413040161},"size":0.421091228723526,"orthographic":false}