{"cameraMode":{"drawMode":0,"name":"Shaded","section":"Shading Mode"},"sceneLighting":true,"audioPlay":false,"sceneViewState":{"m_AlwaysRefresh":false,"showFog":true,"showSkybox":true,"showFlares":true,"showImageEffects":true,"showParticleSystems":true,"showVisualEffectGraphs":true,"m_FxEnabled":true},"in2DMode":false,"pivot":{"x":124.29894256591797,"y":10.008064270019532,"z":64.52545928955078},"rotation":{"x":0.08913002163171768,"y":-0.21926014125347138,"z":0.020118681713938714,"w":0.9713796377182007},"size":242.86061096191407,"orthographic":false}